,AdrActCnt,CapAct1yrUSD,PriceUSD,times,OneDayReturn,NextDayReturn
0,0.0,,,2017-09-23,,
1,8.0,,,2017-09-24,,
2,16.0,,,2017-09-25,,
3,4.0,,,2017-09-26,,
4,12.0,,,2017-09-27,,
5,65.0,,,2017-09-28,,
6,4747.0,,,2017-09-29,,
7,4976.0,,,2017-09-30,,
8,5973.0,,,2017-10-01,,
9,5858.0,,,2017-10-02,,
10,3701.0,,,2017-10-03,,
11,1769.0,,,2017-10-04,,
12,2454.0,,,2017-10-05,,
13,1844.0,,,2017-10-06,,
14,1371.0,,,2017-10-07,,
15,1406.0,,,2017-10-08,,
16,1460.0,,,2017-10-09,,
17,1376.0,,,2017-10-10,,
18,1172.0,,,2017-10-11,,
19,1411.0,,,2017-10-12,,
20,1642.0,,,2017-10-13,,
21,1944.0,,,2017-10-14,,
22,1450.0,,,2017-10-15,,
23,1311.0,,,2017-10-16,,
24,1343.0,,,2017-10-17,,
25,1042.0,,,2017-10-18,,
26,1124.0,,,2017-10-19,,
27,1477.0,,,2017-10-20,,
28,1204.0,,,2017-10-21,,
29,1118.0,,,2017-10-22,,
30,657.0,,,2017-10-23,,
31,1556.0,,,2017-10-24,,
32,941.0,,,2017-10-25,,
33,910.0,,,2017-10-26,,
34,960.0,,,2017-10-27,,
35,791.0,,,2017-10-28,,
36,881.0,,,2017-10-29,,
37,1195.0,,,2017-10-30,,
38,1328.0,,,2017-10-31,,
39,1245.0,,,2017-11-01,,
40,1017.0,,,2017-11-02,,
41,830.0,,,2017-11-03,,
42,774.0,,,2017-11-04,,
43,813.0,,,2017-11-05,,
44,1046.0,,,2017-11-06,,
45,858.0,,,2017-11-07,,
46,790.0,,,2017-11-08,,
47,1333.0,,,2017-11-09,,
48,1160.0,,,2017-11-10,,
49,737.0,,,2017-11-11,,
50,800.0,,,2017-11-12,,
51,813.0,,,2017-11-13,,
52,986.0,,,2017-11-14,,
53,1000.0,,,2017-11-15,,
54,968.0,,,2017-11-16,,
55,817.0,,,2017-11-17,,
56,963.0,,,2017-11-18,,
57,973.0,,,2017-11-19,,
58,1474.0,,,2017-11-20,,
59,1163.0,,,2017-11-21,,
60,1014.0,,,2017-11-22,,
61,1041.0,,,2017-11-23,,
62,1029.0,,,2017-11-24,,
63,1085.0,,,2017-11-25,,
64,1757.0,,,2017-11-26,,
65,2668.0,,,2017-11-27,,
66,4719.0,,,2017-11-28,,
67,2702.0,,,2017-11-29,,
68,6444.0,3796078960.33277,0.122011436612848,2017-11-30,,0.06510023107095031
69,6231.0,4043204577.814,0.129954409329643,2017-12-01,0.06510023107095031,0.026929338728668428
70,4386.0,4152085403.43926,0.133453995637765,2017-12-02,0.026929338728668428,-0.010857650879573688
71,3920.0,4107003509.70654,0.132004998744646,2017-12-03,-0.010857650879573688,0.03469975000741243
72,5293.0,4249515504.77293,0.136585539200814,2017-12-04,0.03469975000741243,-0.056506006459057234
73,6005.0,4009392354.21236,0.128867635840519,2017-12-05,-0.056506006459057234,-0.059943334794073655
74,6270.0,3769056006.00301,0.12114288000121,2017-12-06,-0.059943334794073655,-0.11538250548195972
75,5893.0,3334172880.72856,0.10716511098537,2017-12-07,-0.11538250548195972,0.08141102154933666
76,5694.0,3605611300.97076,0.115889532145137,2017-12-08,0.08141102154933666,0.04379318996580284
77,4509.0,3763512521.61702,0.120964704441417,2017-12-09,0.04379318996580284,-0.09300071858967973
78,3788.0,3413503152.68538,0.109714900004377,2017-12-10,-0.09300071858967973,0.0967284633324974
79,5634.0,3743686067.22527,0.120327453686479,2017-12-11,0.0967284633324974,0.1475227962172332
80,6598.0,4295965104.02184,0.138078496116008,2017-12-12,0.1475227962172332,-0.01873625715286209
81,6444.0,4215474797.11317,0.135491421905498,2017-12-13,-0.01873625715286209,0.7590115397368113
82,9816.0,7415068813.59175,0.23833097466712,2017-12-14,0.7590115397368113,-0.09500531244058963
83,10695.0,6710597884.18799,0.2156882659546,2017-12-15,-0.09500531244058963,0.942507933299565
84,13835.0,13035389627.2185,0.418976167736437,2017-12-16,0.942507933299565,0.14683580725158207
85,15271.0,14949451585.97,0.480496871545191,2017-12-17,0.14683580725158207,0.08375956741595925
86,14287.0,16201611183.9167,0.520743081650538,2017-12-18,0.08375956741595925,0.015870631667291635
87,21375.0,16458740987.4333,0.529007603292704,2017-12-19,0.015870631667291635,-0.09713489011221499
88,16847.0,14860022990.2335,0.477622507878341,2017-12-20,-0.09713489011221499,-0.002508966546872271
89,15587.0,14822739689.6653,0.476424168984041,2017-12-21,-0.002508966546872271,-0.10599500226684666
90,13907.0,13251603362.6583,0.425925588112597,2017-12-22,-0.10599500226684666,-0.0002666817877374772
91,12414.0,13248069401.3832,0.425812001515316,2017-12-23,-0.0002666817877374772,-0.07390566379589492
92,9785.0,12268962038.2599,0.394342082891068,2017-12-24,-0.07390566379589492,0.06857451432817019
93,8669.0,13110300151.3443,0.421383899704482,2017-12-25,0.06857451432817019,0.009391134811541857
94,8862.0,13233420747.4854,0.42534117271402,2017-12-26,0.009391134811541857,-0.03792866679095008
95,10132.0,12731494741.4495,0.409208549101678,2017-12-27,-0.03792866679095008,-0.004517005814430597
96,10055.0,12673986505.676,0.407360151706071,2017-12-28,-0.004517005814430597,0.34122899528861916
97,11590.0,16998718187.3094,0.546363246993353,2017-12-29,0.34122899528861916,0.22970916696235566
98,11357.0,20903479581.544,0.671867893319044,2017-12-30,0.22970916696235566,0.08294396271871896
99,6930.0,22637297012.6471,0.727595278814403,2017-12-31,0.08294396271871896,0.013413152610195045
100,6335.0,22940934532.1601,0.737354625327598,2018-01-01,0.013413152610195045,0.07214854863916442
101,7085.0,24596089663.0815,0.790553691377359,2018-01-02,0.07214854863916442,0.30616695863009546
102,7654.0,32126599629.4203,1.03259511070016,2018-01-03,0.30616695863009546,0.12396783664758249
103,8003.0,36109264684.3226,1.16060369270653,2018-01-04,0.12396783664758249,-0.17339021120198672
104,6204.0,29848271654.3594,0.959366373306339,2018-01-05,-0.17339021120198672,0.05057365172576067
105,7036.0,31357807749.6229,1.00788503414734,2018-01-06,0.05057365172576067,-0.01402748458982983
106,9521.0,30917936584.6442,0.993746942362518,2018-01-07,-0.01402748458982983,-0.1115046979879386
107,6481.0,27470441403.3632,0.882939489677948,2018-01-08,-0.1115046979879386,-0.10933767548737505
108,13383.0,24466887195.7074,0.786400938280552,2018-01-09,-0.10933767548737505,-0.014639011607374242
109,9549.0,24108716150.0531,0.774888805817013,2018-01-10,-0.014639011607374242,-0.12546346578181977
110,7605.0,21083953066.3173,0.677668570643675,2018-01-11,-0.12546346578181977,0.33996188337493494
111,7712.0,28251693459.7313,0.908050054223699,2018-01-12,0.33996188337493494,-0.037724965969645696
112,13505.0,27185899285.378,0.873793896829375,2018-01-13,-0.037724965969645696,-0.08522636676541906
113,11782.0,24868943862.0347,0.79932361770081,2018-01-14,-0.08522636676541906,-0.027314984747537352
114,10950.0,24189649039.7558,0.777490105274966,2018-01-15,-0.027314984747537352,-0.2110237767989519
115,11752.0,19085057939.9454,0.613421206836028,2018-01-16,-0.2110237767989519,0.03017380388841473
116,9658.0,19660926735.4244,0.631930458032093,2018-01-17,0.03017380388841473,0.023494512122058442
117,10405.0,20122850616.9407,0.646777355838626,2018-01-18,0.023494512122058442,-0.0037179410100821597
118,8581.0,20048035045.3922,0.644372675782961,2018-01-19,-0.0037179410100821597,0.09644199451166768
119,10017.0,21981507531.2096,0.70651726184429,2018-01-20,0.09644199451166768,-0.13110771145928035
120,7601.0,19099562384.3678,0.613887400537408,2018-01-21,-0.13110771145928035,-0.07871219369993976
121,7698.0,17596193930.3854,0.565566976556355,2018-01-22,-0.07871219369993976,0.00035419510374290475
122,7650.0,17602426416.12,0.56576729761029,2018-01-23,0.00035419510374290475,0.09656498499517263
123,7863.0,19302204458.8713,0.620400608214787,2018-01-24,0.09656498499517263,0.021158285140655986
124,6704.0,19710606004.6553,0.633527221184832,2018-01-25,0.021158285140655986,-0.024011858296688504
125,6947.0,19237317726.3297,0.618315055322647,2018-01-26,-0.024011858296688504,-0.0034527382978406518
126,7484.0,19170896302.6683,0.616180175251003,2018-01-27,-0.0034527382978406518,0.015011783122689693
127,7656.0,19458685640.2315,0.625430138406372,2018-01-28,0.015011783122689693,-0.05752939300720372
128,7485.0,18339239266.631,0.589449522175442,2018-01-29,-0.05752939300720372,-0.1498690460217722
129,7437.0,15590754972.976,0.501109284609019,2018-01-30,-0.1498690460217722,-0.010899293997217563
130,7246.0,15420826750.8869,0.49564754719133,2018-01-31,-0.010899293997217563,-0.17327122507805737
131,7395.0,12748841208.0443,0.409766089482554,2018-02-01,-0.17327122507805737,-0.023394113418724327
132,9764.0,12450593370.866,0.400179975110052,2018-02-02,-0.023394113418724327,0.1294384547057259
133,7659.0,14062178936.9602,0.451978652692473,2018-02-03,0.1294384547057259,-0.1339973661246293
134,5478.0,12177883997.4343,0.391414703687123,2018-02-04,-0.1339973661246293,-0.20330596966498427
135,6138.0,9702047482.86823,0.31183775781288,2018-02-05,-0.20330596966498427,0.16233412625603538
136,45042.0,11277020883.8942,0.362459667761075,2018-02-06,0.16233412625603538,-0.08819500864861196
137,6042.0,10282443929.5086,0.330492534228114,2018-02-07,-0.08819500864861196,0.0831352276406212
138,2429.0,11137277246.2902,0.357968106294694,2018-02-08,0.0831352276406212,0.05468233946869949
139,5062.0,11746289621.4289,0.377542639802068,2018-02-09,0.05468233946869949,0.014302105055854941
140,7637.0,11914286289.611,0.382942294299582,2018-02-10,0.014302105055854941,-0.08110999317410972
141,5819.0,10947918609.9863,0.351881847422865,2018-02-11,-0.08110999317410972,0.0546251420939341
142,7199.0,11545950219.6896,0.371103443338615,2018-02-12,0.0546251420939341,-0.04778977875837087
143,5946.0,10994171813.1355,0.353368491884993,2018-02-13,-0.04778977875837087,0.09988187736956511
144,5376.0,12092290333.955,0.388663600257718,2018-02-14,0.09988187736956511,0.002375180124325693
145,5498.0,12121011701.6138,0.389586746316099,2018-02-15,0.002375180124325693,0.007332826633622336
146,5516.0,12209892979.0459,0.392443518385592,2018-02-16,0.007332826633622336,0.05133633002072702
147,6376.0,12836704074.5359,0.41259012835993,2018-02-17,0.05133633002072702,-0.11549077262730678
148,5165.0,11354183202.9797,0.364939775657242,2018-02-18,-0.11549077262730678,0.025718108937971884
149,4804.0,11646191323.4956,0.374325336563394,2018-02-19,0.025718108937971884,-0.06989772851771126
150,4985.0,10832149004.1006,0.348160845810985,2018-02-20,-0.06989772851771126,-0.04909399843698825
151,4608.0,10300355497.824,0.33106823779092,2018-02-21,-0.04909399843698825,-0.05406613370686475
152,3987.0,9743455100.25044,0.31316865818042,2018-02-22,-0.05406613370686475,0.02514145697722725
153,4125.0,9988419757.46293,0.321042174526679,2018-02-23,0.02514145697722725,-0.06239979695701392
154,3738.0,9365144392.67582,0.301009208021576,2018-02-24,-0.06239979695701392,0.08617338467963975
155,5400.0,10172170583.0062,0.326948190296533,2018-02-25,0.08617338467963975,-0.006367406338181114
156,5921.0,10107400239.5629,0.324866378317382,2018-02-26,-0.006367406338181114,0.010363574864231673
157,5358.0,10212149038.6284,0.328233155349946,2018-02-27,0.010363574864231673,-0.07906244272157825
158,7728.0,9404751590.19763,0.302282240305768,2018-02-28,-0.07906244272157825,-0.0062937458293435
159,7501.0,9345560474.10081,0.300379752716559,2018-03-01,-0.0062937458293435,-0.03704873690883248
160,7745.0,8999319262.83027,0.289251062285423,2018-03-02,-0.03704873690883248,0.003971768940818299
161,5896.0,9035062479.56689,0.290399900670707,2018-03-03,0.003971768940818299,0.02912094496526829
162,5362.0,9298172036.79211,0.298856620196058,2018-03-04,0.02912094496526829,-0.01487396651371442
163,6731.0,9159871337.27811,0.29441143683486,2018-03-05,-0.01487396651371442,-0.058823869510820526
164,5229.0,8621052260.99816,0.277093016891993,2018-03-06,-0.058823869510820526,-0.12605540973377494
165,6081.0,7534321985.90175,0.242163943113305,2018-03-07,-0.12605540973377494,-0.1192504442706499
166,8287.0,6635850741.80484,0.213285785310711,2018-03-08,-0.1192504442706499,0.0048512041305643905
167,7572.0,6668042608.33329,0.214320478193401,2018-03-09,0.0048512041305643905,-0.05840233938880046
168,5046.0,6278613320.86243,0.20180366088798,2018-03-10,-0.05840233938880046,0.08584346088580719
169,4875.0,6817591217.88899,0.21912718555803,2018-03-11,0.08584346088580719,-0.007492524671605549
170,5141.0,6766510247.48804,0.217485369714017,2018-03-12,-0.007492524671605549,0.00016286269030230116
171,4769.0,6767612259.5509,0.21752078996643,2018-03-13,0.00016286269030230116,-0.10815749533494179
172,5060.0,6035644268.15983,0.193994286140383,2018-03-14,-0.10815749533494179,-0.06259120874929924
173,6310.0,5657865997.83493,0.181851949280399,2018-03-15,-0.06259120874929924,-0.02585988030258013
174,5313.0,5511554260.36288,0.177149279639217,2018-03-16,-0.02585988030258013,-0.14329183005529145
175,5015.0,4721793563.94644,0.151765235166737,2018-03-17,-0.14329183005529145,0.0250037331352726
176,8432.0,4839856030.13921,0.155559932606058,2018-03-18,0.0250037331352726,0.1965459593483736
177,6341.0,5791110176.69093,0.186134608796284,2018-03-19,0.1965459593483736,0.0830582604086878
178,5533.0,6272109713.80193,0.201594625604755,2018-03-20,0.0830582604086878,0.021115218984729678
179,5484.0,6404546683.9051,0.205851340270544,2018-03-21,0.021115218984729678,-0.03269916658028771
180,5910.0,6195123345.01686,0.199120173004262,2018-03-22,-0.03269916658028771,-0.07986415522946844
181,5320.0,5700355052.52473,0.183217608598131,2018-03-23,-0.07986415522946844,0.02387902120322538
182,7860.0,5836473951.68988,0.18759266575865,2018-03-24,0.02387902120322538,-0.03454434146161811
183,4084.0,5634856802.57087,0.181112400656988,2018-03-25,-0.03454434146161811,-0.08754684975933602
184,4351.0,5141542840.66082,0.165256580527118,2018-03-26,-0.08754684975933602,-0.07247159252279045
185,2606.0,4768927042.97398,0.153280172961447,2018-03-27,-0.07247159252279045,0.02641898956183031
186,2824.0,4894917276.74344,0.157329680250951,2018-03-28,0.02641898956183031,-0.09104348481039659
187,4736.0,4449266950.0101,0.143005837896799,2018-03-29,-0.09104348481039659,-0.007738291755918447
188,4228.0,4414837224.25096,0.141899217000354,2018-03-30,-0.007738291755918447,0.06620634624321142
189,3863.0,4707127466.12714,0.15129384569272,2018-03-31,0.06620634624321142,-0.02757516644717517
190,3321.0,4577327642.76061,0.14712189271531,2018-04-01,-0.02757516644717517,0.03266693305338264
191,3363.0,4726854898.43007,0.151927913735328,2018-04-02,0.03266693305338264,0.11541331223637852
192,4928.0,5272396878.71863,0.169462417480685,2018-04-03,0.11541331223637852,-0.10470472120976537
193,4149.0,4720352033.42516,0.151718902302837,2018-04-04,-0.10470472120976537,-0.026738294811450958
194,7046.0,4594137869.14161,0.147662197564594,2018-04-05,-0.026738294811450958,-0.033480979938039446
195,5546.0,4440321631.31229,0.142718322490327,2018-04-06,-0.033480979938039446,0.030073647374329937
196,3947.0,4573858298.28098,0.147010382994757,2018-04-07,0.030073647374329937,0.058042866721246034
197,4098.0,4839338145.88997,0.155543287061561,2018-04-08,0.058042866721246034,-0.031055728448346254
198,3923.0,4689048974.56149,0.150712776976614,2018-04-09,-0.031055728448346254,0.0283089700614767
199,4133.0,4821791121.59915,0.154979300467927,2018-04-10,0.0283089700614767,0.07231854126111825
200,4339.0,5170496021.77901,0.166187177403436,2018-04-11,0.07231854126111825,0.30533043201938326
201,7160.0,6749205805.8633,0.216929180076109,2018-04-12,0.30533043201938326,-0.06517840892025839
202,5682.0,6309303309.96176,0.202790081270372,2018-04-13,-0.06517840892025839,0.008845665138613956
203,3693.0,6365113294.29963,0.204583894422722,2018-04-14,0.008845665138613956,0.10415450621736921
204,4857.0,7028068526.48502,0.225892228926347,2018-04-15,0.10415450621736921,0.12531929717551793
205,7496.0,7908821134.7255,0.254200884292808,2018-04-16,0.12531929717551793,-0.04333906445520852
206,9137.0,7566060225.80292,0.243184055783871,2018-04-17,-0.04333906445520852,0.07864140371501427
207,5473.0,8161065822.5524,0.262308391291825,2018-04-18,0.07864140371501427,0.02756850129347499
208,6612.0,8386054176.23757,0.269539840516443,2018-04-19,0.02756850129347499,0.11464411064264524
209,6655.0,9347465899.07336,0.300440995815211,2018-04-20,0.11464411064264524,-0.048829556104750704
210,5349.0,8891033288.51731,0.285770595353885,2018-04-21,-0.048829556104750704,-0.01099448925440416
211,4965.0,8793280918.56616,0.282628693614042,2018-04-22,-0.01099448925440416,0.01638534078201559
212,5244.0,8937361823.00886,0.287259661073684,2018-04-23,0.01638534078201559,0.08489540479394897
213,7520.0,9696102772.76319,0.311646686281507,2018-04-24,0.08489540479394897,-0.13727918382426485
214,6070.0,8365029697.84207,0.268864083547245,2018-04-25,-0.13727918382426485,0.08632439782530343
215,5676.0,9087135849.29906,0.292073613656313,2018-04-26,0.08632439782530343,-0.018508546271509996
216,5798.0,8918946174.95681,0.286667755663268,2018-04-27,-0.018508546271509996,0.24860825384954466
217,8187.0,11136269809.6909,0.357935725833681,2018-04-28,0.24860825384954466,0.013285933666827399
218,7963.0,11284225551.6783,0.362691236144095,2018-04-29,0.013285933666827399,-0.07204415329831348
219,6129.0,10471263076.1805,0.336561453127375,2018-04-30,-0.07204415329831348,0.05341390311935523
220,5958.0,11030574107.6689,0.35453851397843,2018-05-01,0.05341390311935523,0.04728437025681198
221,6299.0,11552147857.9211,0.371302644343686,2018-05-02,0.04728437025681198,-0.015099252361339466
222,5646.0,11377719062.0988,0.365696252014308,2018-05-03,-0.015099252361339466,-0.019854624543028887
223,5322.0,11151818721.9648,0.358435490233771,2018-05-04,-0.019854624543028887,0.012781861496990565
224,4963.0,11294359724.3085,0.363016963025545,2018-05-05,0.012781861496990565,-0.05509975261475719
225,3775.0,10672043297.557,0.343014818167877,2018-05-06,-0.05509975261475719,-0.039419427440715915
226,4781.0,10251357461.1448,0.329493370432018,2018-05-07,-0.039419427440715915,-0.016671661595772158
227,5058.0,10080450298.6553,0.324000168462125,2018-05-08,-0.016671661595772158,-0.019516262535277606
228,4670.0,9883717584.15292,0.317676896112944,2018-05-09,-0.019516262535277606,-0.07254941223637168
229,4808.0,9166659682.71233,0.294629624018875,2018-05-10,-0.07254941223637168,-0.12347557785657493
230,5786.0,8034801081.37486,0.258250060939479,2018-05-11,-0.12347557785657493,0.027737584869378606
231,4396.0,8257667058.27807,0.26541329392231,2018-05-12,0.027737584869378606,0.049636182927202066
232,4142.0,8667546130.93469,0.278587396730749,2018-05-13,0.049636182927202066,-0.044889709145567114
233,4371.0,8278462506.11125,0.266081689519885,2018-05-14,-0.044889709145567114,-0.03947475094447661
234,4342.0,7951672260.47932,0.255578181095202,2018-05-15,-0.03947475094447661,-0.01840207013268491
235,3683.0,7805345029.86985,0.250875013482304,2018-05-16,-0.01840207013268491,-0.04490510981617002
236,3810.0,7454845154.15045,0.239609443451748,2018-05-17,-0.04490510981617002,0.014157000021479016
237,4001.0,7560383397.15788,0.243001594347841,2018-05-18,0.014157000021479016,-0.007279873104041323
238,3134.0,7505344765.40867,0.241232573576909,2018-05-19,-0.007279873104041323,0.05531595491861174
239,3746.0,7920510078.10066,0.25457658374179,2018-05-20,0.05531595491861174,-0.03181835520375198
240,3559.0,7668492475.04075,0.246476375573736,2018-05-21,-0.03181835520375198,-0.10260033532073198
241,3816.0,6881702575.69706,0.221187816791232,2018-05-22,-0.10260033532073198,-0.09736950137677625
242,4864.0,6211634627.27816,0.199650869359652,2018-05-23,-0.09736950137677625,0.037032040514961784
243,4224.0,6441664132.45967,0.207044348442626,2018-05-24,0.037032040514961784,-0.05110231763585149
244,4491.0,6112480165.85924,0.196463902383803,2018-05-25,-0.05110231763585149,-0.008060525519722916
245,3110.0,6063210363.49353,0.194880300084934,2018-05-26,-0.008060525519722916,-0.01607437782560761
246,3578.0,5965748029.2746,0.191747720510601,2018-05-27,-0.01607437782560761,-0.09626539368616105
247,4345.0,5391452946.60404,0.173289050707224,2018-05-28,-0.09626539368616105,0.16180398067818103
248,5284.0,6263811495.00368,0.201327908919596,2018-05-29,0.16180398067818103,0.04163452289020486
249,4699.0,6524602298.07234,0.209710100351946,2018-05-30,0.04163452289020486,0.05866013406938819
250,5437.0,6907336343.6267,0.222011722954296,2018-05-31,0.05866013406938819,-0.008433480843096919
251,3846.0,6849083454.8959,0.220139391341818,2018-06-01,-0.008433480843096919,0.031355859699539135
252,3461.0,7063842354.77805,0.227042051211074,2018-06-02,0.031355859699539135,-0.004029015714263284
253,4022.0,7035382022.92757,0.226127295218946,2018-06-03,-0.004029015714263284,-0.06429022265649054
254,3884.0,6583075746.20008,0.21158952106061,2018-06-04,-0.06429022265649054,0.031125984828386022
255,3682.0,6787980462.00042,0.218175453282988,2018-06-05,0.031125984828386022,-0.018501004473287175
256,3802.0,6662396005.10837,0.214138988245838,2018-06-06,-0.018501004473287175,-0.02361354766627033
257,3286.0,6505073199.47017,0.209082407039688,2018-06-07,-0.02361354766627033,-0.01849595840443874
258,2320.0,6384755636.15494,0.205215227535982,2018-06-08,-0.01849595840443874,-0.01629748192635261
259,2124.0,6280700196.57053,0.201870736074202,2018-06-09,-0.01629748192635261,-0.14437536036354992
260,3497.0,5373921842.35524,0.172725575806634,2018-06-10,-0.14437536036354992,0.031882871669069335
261,4504.0,5545257902.81466,0.178232563174043,2018-06-11,0.031882871669069335,-0.09184340271463376
262,3911.0,5035962548.08995,0.161863078097588,2018-06-12,-0.09184340271463376,-0.023423254936559057
263,3515.0,4918003913.47508,0.158071717954492,2018-06-13,-0.023423254936559057,0.07651405342962736
264,7256.0,5294300327.67782,0.170166425827775,2018-06-14,0.07651405342962736,-0.05231735370959345
265,3572.0,5017316544.78989,0.161263768738246,2018-06-15,-0.05231735370959345,0.005198276264841928
266,2528.0,5043397942.29787,0.162102062359657,2018-06-16,0.005198276264841928,-0.009676300544411487
267,2312.0,4994596508.04313,0.160533514085396,2018-06-17,-0.009676300544411487,0.019531654457131342
268,2818.0,5092149241.19102,0.163668999211301,2018-06-18,0.019531654457131342,0.015332306650597038
269,3954.0,5170223634.86757,0.166178422496405,2018-06-19,0.015332306650597038,-0.02641275251593489
270,2749.0,5033663797.54777,0.161789192949519,2018-06-20,-0.02641275251593489,-0.022937190876741065
271,2896.0,4918205690.21408,0.158078203349042,2018-06-21,-0.022937190876741065,-0.12433874188762462
272,3060.0,4306682182.3483,0.138422958424766,2018-06-22,-0.12433874188762462,-0.004513865554546803
273,2739.0,4287242397.99102,0.137798135800774,2018-06-23,-0.004513865554546803,-0.0514766352893371
274,3438.0,4066549584.67265,0.130704751420607,2018-06-24,-0.0514766352893371,0.03310414249425553
275,3705.0,4201169221.58361,0.135031620136311,2018-06-25,0.03310414249425553,-0.06441021341860653
276,2131.0,3930571015.41373,0.126334204665071,2018-06-26,-0.06441021341860653,0.008160971533634598
277,4750.0,3962648293.58145,0.127365214513067,2018-06-27,0.008160971533634598,-0.07146698831571596
278,2830.0,3679449754.28477,0.118262806215633,2018-06-28,-0.07146698831571596,0.06437446922389722
279,3376.0,3916312379.25285,0.125875911594693,2018-06-29,0.06437446922389722,0.08533384840398539
280,3261.0,4250506386.12667,0.136617387552428,2018-06-30,0.08533384840398539,0.05108781197316903
281,3266.0,4467655457.17186,0.143596870959972,2018-07-01,0.05108781197316903,0.07717089932166421
282,3959.0,4812428446.66116,0.15467837063173,2018-07-02,0.07717089932166421,-0.034651510149360965
283,3287.0,4645670533.4986,0.149318531501898,2018-07-03,-0.034651510149360965,0.013627025027507456
284,3104.0,4708977202.12814,0.151353298867745,2018-07-04,0.013627025027507456,-0.027291949390184755
285,3074.0,4580460034.64813,0.147222572295009,2018-07-05,-0.027291949390184755,-0.015742650229923827
286,2643.0,4508351454.43052,0.144904898833419,2018-07-06,-0.015742650229923827,0.008598813898510027
287,2090.0,4547117929.57624,0.14615090909147,2018-07-07,0.008598813898510027,-0.0075657494377811
288,2483.0,4512715574.65703,0.14504516793318,2018-07-08,-0.0075657494377811,-0.03748639230917261
289,2466.0,4343550148.24572,0.139607947865487,2018-07-09,-0.03748639230917261,-0.08012657308068916
290,2505.0,3995516359.86267,0.128421641428198,2018-07-10,-0.08012657308068916,0.021754817381827607
291,2519.0,4082438088.61759,0.131215430785343,2018-07-11,0.021754817381827607,-0.05279274051448524
292,2411.0,3866914993.93875,0.124288208596396,2018-07-12,-0.05279274051448524,0.10298545062425313
293,2781.0,4265150977.11521,0.137088085765977,2018-07-13,0.10298545062425313,-0.0012874957679569476
294,2523.0,4259659613.28248,0.136911585435716,2018-07-14,-0.0012874957679569476,0.040712173522525985
295,2298.0,4433079614.60533,0.142485553659219,2018-07-15,0.040712173522525985,0.1050627668546833
296,3205.0,4898831224.60286,0.157455480163478,2018-07-16,0.1050627668546833,0.08960432176625832
297,4051.0,5337787673.93077,0.171564171671907,2018-07-17,0.08960432176625832,0.05337302075361827
298,4713.0,5622681526.22988,0.180721069767129,2018-07-18,0.05337302075361827,0.007292148271007548
299,3460.0,5663682953.5998,0.182038914603566,2018-07-19,0.007292148271007548,-0.11453220420707544
300,3682.0,5015008860.99398,0.161189596462556,2018-07-20,-0.11453220420707544,0.01767297905389764
301,2697.0,5103639007.54944,0.164038296824545,2018-07-21,0.01767297905389764,0.03148070273870518
302,3062.0,5264305150.03176,0.169202337684642,2018-07-22,0.03148070273870518,-0.021936896853464116
303,4144.0,5148822630.95036,0.165490563455489,2018-07-23,-0.021936896853464116,0.046405683507806605
304,4139.0,5387757264.40007,0.173170266166733,2018-07-24,0.046405683507806605,-0.0014710423846477916
305,3569.0,5379831645.10594,0.172915525365441,2018-07-25,-0.0014710423846477916,-0.052774623660119424
306,3031.0,5095913054.68068,0.163789973589288,2018-07-26,-0.052774623660119424,0.012787337771669183
307,2789.0,5161076216.16594,0.165884411305187,2018-07-27,0.012787337771669183,-0.01628623880658464
308,2383.0,5077021696.41047,0.163182778168381,2018-07-28,-0.01628623880658464,0.0002487438528537833
309,2252.0,5078284574.34826,0.163223368881342,2018-07-29,0.0002487438528537833,-0.06021403617917531
310,2209.0,4772500563.26031,0.153395031042234,2018-07-30,-0.06021403617917531,-0.07578976886218103
311,2898.0,4410793848.67618,0.141769257094936,2018-07-31,-0.07578976886218103,-0.015270951171721503
312,2506.0,4343436831.18452,0.139604305692188,2018-08-01,-0.015270951171721503,-0.06462453726751971
313,2883.0,4062744235.81851,0.130582442036277,2018-08-02,-0.06462453726751971,-0.007244389380037686
314,2738.0,4033312134.62274,0.12963645197997,2018-08-03,-0.007244389380037686,-0.02591894200220146
315,2252.0,3928772951.32868,0.12627641229973,2018-08-04,-0.02591894200220146,0.03357241756102769
316,1664.0,4060671357.35316,0.130515816741565,2018-08-05,0.03357241756102769,-0.008526175730482421
317,2148.0,4026049359.77663,0.129403015952419,2018-08-06,-0.008526175730482421,-0.04309548495757254
318,1440.0,3852544810.15393,0.123826330224977,2018-08-07,-0.04309548495757254,-0.09194844052349538
319,2441.0,3498309322.81339,0.112440692265043,2018-08-08,-0.09194844052349538,0.09366739401502544
320,3110.0,3825986840.53979,0.122972718890755,2018-08-09,0.09366739401502544,-0.0699187160517063
321,2474.0,3558478753.01852,0.114374624276526,2018-08-10,-0.0699187160517063,-0.02739277048211497
322,2965.0,3461002161.2716,0.111241586444741,2018-08-11,-0.02739277048211497,0.004042152643376484
323,2236.0,3474992060.30652,0.111691241917442,2018-08-12,0.004042152643376484,-0.08900450005164262
324,2810.0,3165702129.29551,0.101750218770433,2018-08-13,-0.08900450005164262,-0.08693786055309882
325,4376.0,2890482759.02617,0.0929042724397218,2018-08-14,-0.08693786055309882,0.011892580910140227
326,3817.0,2924858059.10725,0.0940091440166089,2018-08-15,0.011892580910140227,0.0010667625873157505
327,2507.0,2927978188.25792,0.0941094294543114,2018-08-16,0.0010667625873157505,0.15326871787860785
328,2979.0,3376745651.14874,0.108533461047061,2018-08-17,0.15326871787860785,-0.08927926394949515
329,3122.0,3075272284.86952,0.0988436735308882,2018-08-18,-0.08927926394949515,0.028265689525063253
330,2182.0,3162196976.47867,0.101637558118429,2018-08-19,0.028265689525063253,-0.09013200696345791
331,2458.0,2877181816.57487,0.0924767610223499,2018-08-20,-0.09013200696345791,0.02172007444329016
332,2657.0,2939674419.81776,0.0944853631560297,2018-08-21,0.02172007444329016,-0.05056576329793794
333,4722.0,2791027538.93225,0.0897076386475622,2018-08-22,-0.05056576329793794,0.025707540171050702
334,2766.0,2862777991.50786,0.0920138013717445,2018-08-23,0.025707540171050702,0.021016762964661595
335,2405.0,2922944317.97583,0.0939476336246519,2018-08-24,0.021016762964661595,0.005449016204585488
336,2122.0,2938871488.92958,0.0944595558026551,2018-08-25,0.005449016204585488,-0.01924173515503025
337,2094.0,2882322502.08493,0.0926419900470386,2018-08-26,-0.01924173515503025,0.08339402042100641
338,3038.0,3122690963.68373,0.100367778056864,2018-08-27,0.08339402042100641,0.05776163233615117
339,3372.0,3303062691.02745,0.106165184751381,2018-08-28,0.05776163233615117,-0.0036781080583191406
340,5677.0,3290913669.52645,0.105774697729834,2018-08-29,-0.0036781080583191406,-0.051367831562864286
341,2724.0,3121866570.46228,0.100341280873235,2018-08-30,-0.051367831562864286,0.017460184223892172
342,2572.0,3176374935.90497,0.102093258122543,2018-08-31,0.017460184223892172,0.047538841111187224
343,2780.0,3327376119.29251,0.106946653298954,2018-09-01,0.047538841111187224,-0.022418679223508264
344,2361.0,3252780741.41813,0.104549050584617,2018-09-02,-0.022418679223508264,-0.00970021196122861
345,2471.0,3221228078.76297,0.103534902633601,2018-09-03,-0.00970021196122861,0.017277269463142897
346,2605.0,3276882104.282,0.105323703045242,2018-09-04,0.017277269463142897,-0.1680201451350739
347,3425.0,2726299897.53001,0.087627199173417,2018-09-05,-0.1680201451350739,0.0024992235149121633
348,3305.0,2733113530.34262,0.0878461991301371,2018-09-06,0.0024992235149121633,-0.05653888455741818
349,2737.0,2578586339.96826,0.0828794730187103,2018-09-07,-0.05653888455741818,-0.06622116264102196
350,2568.0,2407829354.56531,0.0773910979563361,2018-09-08,-0.06622116264102196,-0.017960707282167476
351,2780.0,2364583036.34255,0.0760010990996968,2018-09-09,-0.017960707282167476,-0.038583744171416745
352,3037.0,2273348569.39624,0.0730686921352876,2018-09-10,-0.038583744171416745,-0.044727717165942926
353,3400.0,2171666877.56468,0.0698004963397751,2018-09-11,-0.044727717165942926,-0.05531212384053141
354,4000.0,2051547370.29244,0.0659396826420989,2018-09-12,-0.05531212384053141,0.05854102678643125
355,3166.0,2171647059.85037,0.0697998593699388,2018-09-13,0.05854102678643125,-0.02316511218228423
356,2793.0,2121340612.0886,0.0681829377973265,2018-09-14,-0.02316511218228423,0.016199748273651116
357,2297.0,2155705796.00711,0.0692874842262012,2018-09-15,0.016199748273651116,0.006483083597160544
358,2335.0,2169681416.89351,0.0697366807786766,2018-09-16,0.006483083597160544,-0.09062882024373775
359,2715.0,1973045749.77569,0.063416527671991,2018-09-17,-0.09062882024373775,0.08716839887150885
360,3062.0,2145032988.68387,0.0689444448511492,2018-09-18,0.08716839887150885,0.042405708264787956
361,2964.0,2235994631.82035,0.0718680828659848,2018-09-19,0.042405708264787956,0.12731186178252507
362,3809.0,2520663271.33313,0.0810177422983941,2018-09-20,0.12731186178252507,0.08138404155071077
363,4187.0,2725805035.74265,0.0876112936039514,2018-09-21,0.08138404155071077,-0.05257786111973184
364,3002.0,2582488037.13391,0.0830048791763228,2018-09-22,-0.05257786111973184,0.08478130140270457
365,3544.0,2801434733.77904,0.0900421408556657,2018-09-23,0.08478130140270457,-0.08544685023311371
366,2848.0,2479619107.19256,0.0823483235313027,2018-09-24,-0.08544685023311371,-0.017276306551536558
367,3258.0,2436809123.67413,0.0809256486499708,2018-09-25,-0.017276306551536558,-0.020628015113110965
368,3660.0,2386541069.14345,0.0792563131465809,2018-09-26,-0.020628015113110965,0.08471388477160269
369,3166.0,2588714221.39424,0.0859704233259024,2018-09-27,0.08471388477160269,-0.025267110592353315
370,4118.0,2523304877.0854,0.0837981991320554,2018-09-28,-0.025267110592353315,0.007215463581496051
371,2979.0,2541797653.63762,0.0844028419860877,2018-09-29,0.007215463581496051,0.0059951995224984955
372,3072.0,2523922488.39094,0.0849088538640602,2018-09-30,0.0059951995224984955,-0.012585268803338656
373,3305.0,2436072178.63379,0.0838402531143976,2018-10-01,-0.012585268803338656,-0.020725564804193186
374,3506.0,2348492898.00859,0.0821026165152752,2018-10-02,-0.020725564804193186,-0.021909767100735777
375,3239.0,2263019238.68309,0.0803037673090645,2018-10-03,-0.021909767100735777,0.01009936935873812
376,2555.0,2244952871.43605,0.0811147847160169,2018-10-04,0.01009936935873812,0.019565261727703565
377,2516.0,2280164916.56856,0.0827018167089721,2018-10-05,0.019565261727703565,-0.021616111768748558
378,2559.0,2223246003.25848,0.0809141249955124,2018-10-06,-0.021616111768748558,0.04002196427136684
379,2366.0,2306536143.18824,0.0841524672151317,2018-10-07,0.04002196427136684,0.02442812638774261
380,3373.0,2352512667.98855,0.0862081543201033,2018-10-08,0.02442812638774261,-0.004843329349964232
381,2855.0,2334614580.40828,0.0857906198360785,2018-10-09,-0.004843329349964232,-0.01938803465142236
382,2250.0,2283220991.07664,0.0841273083259296,2018-10-10,-0.01938803465142236,-0.16454926440134077
383,2937.0,1899866224.94366,0.0702842216248331,2018-10-11,-0.16454926440134077,0.029621004363665326
384,2461.0,1950856676.26697,0.0723661108602791,2018-10-12,0.029621004363665326,-0.0031361769156861286
385,2173.0,1938966416.08152,0.0721391579339211,2018-10-13,-0.0031361769156861286,-0.026472676765206926
386,2018.0,1882026921.43664,0.0702294413238222,2018-10-14,-0.026472676765206926,0.04214163612204769
387,3987.0,1954714617.93371,0.0731890248851454,2018-10-15,0.04214163612204769,0.021440595615698443
388,3116.0,1991219361.49517,0.0747582411712151,2018-10-16,0.021440595615698443,0.023166280930954297
389,4314.0,2035103703.97161,0.0764901115880915,2018-10-17,0.023166280930954297,-0.030276941604808094
390,2972.0,1968420065.55832,0.0741742249461936,2018-10-18,-0.030276941604808094,0.014165114030310066
391,2468.0,1994492325.76888,0.0752249113006663,2018-10-19,0.014165114030310066,0.005217743262476038
392,2916.0,2002687517.95965,0.0756174155747757,2018-10-20,0.005217743262476038,-0.006543824922791486
393,2359.0,1986890182.39007,0.0751225884461404,2018-10-21,-0.006543824922791486,0.0013842753938231311
394,2630.0,1987246654.35073,0.0752265787968467,2018-10-22,0.0013842753938231311,-0.016051634587463393
395,2789.0,1952889545.40696,0.0740190692427347,2018-10-23,-0.016051634587463393,-0.003930199122622047
396,2915.0,1944107290.61711,0.0737281595617396,2018-10-24,-0.003930199122622047,-0.004167639394802691
397,2784.0,1931029355.77694,0.0734208871794438,2018-10-25,-0.004167639394802691,-0.0025136094308509938
398,2524.0,1926340835.63609,0.0732363357450081,2018-10-26,-0.0025136094308509938,-0.011740853996262457
399,2384.0,1903300839.98337,0.0723764786198047,2018-10-27,-0.011740853996262457,0.0035123207336635875
400,2368.0,1909213528.47492,0.0726306880262906,2018-10-28,0.0035123207336635875,-0.04592016500377949
401,2715.0,1821270692.26813,0.0692954748477853,2018-10-29,-0.04592016500377949,0.0012880360600162621
402,2669.0,1822165695.00529,0.0693847299181852,2018-10-30,0.0012880360600162621,0.006792745156501301
403,2891.0,1834748385.15963,0.0698560427062721,2018-10-31,0.006792745156501301,0.009976068748466904
404,2619.0,1852393717.36297,0.0705529313908057,2018-11-01,0.009976068748466904,0.024992642262417597
405,2772.0,1897428118.67354,0.072316235565621,2018-11-02,0.024992642262417597,-0.01582949556077695
406,2230.0,1867295105.76258,0.0711715060357629,2018-11-03,-0.01582949556077695,0.07666570987649202
407,3024.0,2010238877.91022,0.0766279200689737,2018-11-04,0.07666570987649202,-0.007366991757805419
408,2982.0,1993947391.38464,0.0760634028134078,2018-11-05,-0.007366991757805419,0.058433927703564814
409,3780.0,2111585213.81081,0.0805080861942936,2018-11-06,0.058433927703564814,-0.027647041284155738
410,3235.0,2051155671.56493,0.0782822758115716,2018-11-07,-0.027647041284155738,-0.027239601853082385
411,3013.0,1994816147.46108,0.0761498977863112,2018-11-08,-0.027239601853082385,-0.033279927916394
412,2683.0,1927863156.59788,0.073615634677142,2018-11-09,-0.033279927916394,0.013037670841325122
413,2302.0,1951857703.88363,0.0745754110908378,2018-11-10,0.013037670841325122,0.013747793072559578
414,2610.0,1977217856.11472,0.0756006584108157,2018-11-11,0.013747793072559578,-0.003307290098864102
415,2829.0,1970054139.56819,0.075350625101786,2018-11-12,-0.003307290098864102,-0.03853076890148044
416,2385.0,1892946341.96084,0.072447307579407,2018-11-13,-0.03853076890148044,-0.13466639220823695
417,3489.0,1636848282.4786,0.0626910900424878,2018-11-14,-0.13466639220823695,-0.010713089295627531
418,3716.0,1618431356.68679,0.0620194747968224,2018-11-15,-0.010713089295627531,-0.034102468097267136
419,3316.0,1562228049.16626,0.0599044576361545,2018-11-16,-0.034102468097267136,-0.00017362530298625778
420,2369.0,1561554672.75317,0.0598940567065472,2018-11-17,-0.00017362530298625778,0.019580879528489303
421,409.0,1589661773.43243,0.0610668350153906,2018-11-18,0.019580879528489303,-0.15824235740480008
422,1064.0,1353561373.38841,0.0514034750833052,2018-11-19,-0.15824235740480008,-0.1552823108622633
423,2672.0,1143002639.9452,0.0434214246860188,2018-11-20,-0.1552823108622633,0.08668939275182797
424,1667.0,1241533270.14661,0.047185601624469,2018-11-21,0.08668939275182797,-0.07359943100785205
425,1378.0,1150017765.8553,0.0437127681931449,2018-11-22,-0.07359943100785205,-0.025648963093777066
426,1427.0,1120353633.70494,0.0425915810150321,2018-11-23,-0.025648963093777066,-0.11439759094453572
427,1457.0,991233957.69742,0.0377192067523934,2018-11-24,-0.11439759094453572,-0.019248134456534727
428,3373.0,971575856.815207,0.0369931823892295,2018-11-25,-0.019248134456534727,-0.055639731023205186
429,3692.0,917226428.111557,0.0349348916714004,2018-11-26,-0.055639731023205186,0.031948891234780064
430,3276.0,945727844.882792,0.0360510227257088,2018-11-27,0.031948891234780064,0.15025530361419448
431,3746.0,1085457366.79389,0.0414678800909624,2018-11-28,0.15025530361419448,0.0016404884580325518
432,3958.0,1084283572.80796,0.0415359076696307,2018-11-29,0.0016404884580325518,-0.0753266382635529
433,3131.0,1001034808.25477,0.0384071473776521,2018-11-30,-0.0753266382635529,0.06663340340317547
434,2709.0,1064681897.60333,0.0409663463224324,2018-12-01,0.06663340340317547,0.006552499422642244
435,2474.0,1069633643.84002,0.0412347782830579,2018-12-02,0.006552499422642244,-0.07256859302434682
436,2147.0,990755317.277197,0.0382424284393855,2018-12-03,-0.07256859302434682,-0.03262642336804089
437,3461.0,957253846.082597,0.0369947147785001,2018-12-04,-0.03262642336804089,-0.08154671455607887
438,3546.0,877814862.603763,0.0339779173323742,2018-12-05,-0.08154671455607887,-0.09899428211068262
439,5618.0,789554392.919638,0.0306142977984397,2018-12-06,-0.09899428211068262,-0.04050773479866665
440,3874.0,756989397.400679,0.0293741819421731,2018-12-07,-0.04050773479866665,0.02617931446583155
441,2782.0,775720883.536145,0.0301431778884138,2018-12-08,0.02617931446583155,0.032206847930969174
442,2917.0,724743020.804519,0.0311139946348221,2018-12-09,0.032206847930969174,-0.04851271715719152
443,2596.0,689025130.809639,0.0296045702134726,2018-12-10,-0.04851271715719152,-0.017267229022719155
444,2582.0,676333352.136504,0.0290933813194774,2018-12-11,-0.017267229022719155,0.03547818447364781
445,2972.0,699230490.074791,0.030125561668892,2018-12-12,0.03547818447364781,-0.04599696737867531
446,6707.0,665927941.836182,0.0287398771915437,2018-12-13,-0.04599696737867531,-0.023874832983256322
447,3410.0,649456818.154596,0.0280537174236363,2018-12-14,-0.023874832983256322,-0.004573615965561606
448,2726.0,644966380.256702,0.0279254104937342,2018-12-15,-0.004573615965561606,0.02863232876796573
449,3421.0,662280319.543251,0.0287249800279712,2018-12-16,0.02863232876796573,0.12194870708884231
450,3571.0,741848807.173483,0.0322279542035351,2018-12-17,0.12194870708884231,0.06620010423110179
451,3563.0,789956824.377484,0.0343614481309643,2018-12-18,0.06620010423110179,0.0019801916777217876
452,4770.0,789031815.377561,0.0344294903845877,2018-12-19,0.0019801916777217876,0.13047361784478784
453,4120.0,889827772.487735,0.0389216305556172,2018-12-20,0.13047361784478784,0.03693517587768502
454,5601.0,919780494.483376,0.0403592078256352,2018-12-21,0.03693517587768502,0.03313222777354041
455,3763.0,948580347.965092,0.0416963982920738,2018-12-22,0.03313222777354041,0.05288019142095646
456,3912.0,996644431.361771,0.0439013118153231,2018-12-23,0.05288019142095646,0.041531840921812835
457,4542.0,1036945146.65195,0.045724614113896,2018-12-24,0.041531840921812835,-0.10234672255910393
458,3174.0,929039867.685601,0.041044849719059,2018-12-25,-0.10234672255910393,-0.004982998341417466
459,3631.0,922965932.010532,0.0408403233009852,2018-12-26,-0.004982998341417466,-0.11354955604731298
460,3698.0,817124187.314725,0.0362029227213296,2018-12-27,-0.11354955604731298,0.143057411790942
461,3641.0,932842482.469504,0.0413820191451105,2018-12-28,0.143057411790942,0.018531712274008516
462,3146.0,949111195.574274,0.0421488988172252,2018-12-29,0.018531712274008516,0.01806446796219352
463,3116.0,964311460.522009,0.0429102962495507,2018-12-30,0.01806446796219352,-0.05605505093076779
464,3012.0,908417701.313304,0.0405049574078278,2018-12-31,-0.05605505093076779,0.03860867160165138
465,3290.0,942218374.090335,0.0420688000066255,2019-01-01,0.03860867160165138,0.07025591525386554
466,4374.0,1007584063.00913,0.0450243820547228,2019-01-02,0.07025591525386554,-0.06195118251999232
467,3494.0,941942160.991889,0.0422350683442008,2019-01-03,-0.06195118251999232,0.030090959984218957
468,3216.0,967721889.950373,0.0435059620956769,2019-01-04,0.030090959984218957,0.01893442389903055
469,3478.0,983448224.424533,0.0443297224241316,2019-01-05,0.01893442389903055,0.10460520935201734
470,4602.0,1083095176.87881,0.0489668423188247,2019-01-06,0.10460520935201734,-0.023924330668182225
471,4059.0,1056497411.35566,0.0477953433914124,2019-01-07,-0.023924330668182225,0.010390811130429833
472,3654.0,1065340224.37661,0.0482919757775066,2019-01-08,0.010390811130429833,0.07657157261846903
473,4322.0,1145922765.27299,0.0519897683076433,2019-01-09,0.07657157261846903,-0.1566840540685448
474,5475.0,963170843.003269,0.0438438006391174,2019-01-10,-0.1566840540685448,-0.008612224697208681
475,3821.0,954694589.319764,0.0434662079764337,2019-01-11,-0.008612224697208681,-0.0047395716299519774
476,3145.0,949889922.573471,0.043260196770247,2019-01-12,-0.0047395716299519774,-0.0809305752376589
477,3405.0,871972157.633499,0.0397591241607366,2019-01-13,-0.0809305752376589,0.1011037708438074
478,2903.0,957483383.370112,0.0437789215388342,2019-01-14,0.1011037708438074,-0.03147405112732693
479,3366.0,925083635.164519,0.0424010215240217,2019-01-15,-0.03147405112732693,0.044017462877028235
480,3445.0,964563500.31321,0.0442674069149034,2019-01-16,0.044017462877028235,0.016384659403533064
481,3148.0,977845666.952989,0.0449927132998817,2019-01-17,0.016384659403533064,-0.02383835180562932
482,6033.0,947052611.179071,0.0439201611715493,2019-01-18,-0.02383835180562932,0.034425336631223935
483,3319.0,979562703.57849,0.0454321275047775,2019-01-19,0.034425336631223935,-0.054240670674151614
484,3347.0,925895712.251828,0.0429678584387648,2019-01-20,-0.054240670674151614,-0.007026095567128299
485,3112.0,922049356.990967,0.0426659621590592,2019-01-21,-0.007026095567128299,0.016717889996270774
486,3205.0,935694660.870132,0.0433792470210194,2019-01-22,0.016717889996270774,-0.015454996751253947
487,2859.0,920186600.944131,0.0427088208992377,2019-01-23,-0.015454996751253947,0.0031838322768313887
488,3068.0,922594597.141931,0.0428447986217221,2019-01-24,0.0031838322768313887,-0.011399619469995015
489,3091.0,911107714.566649,0.0423563842211659,2019-01-25,-0.011399619469995015,-0.0012082172717784445
490,2647.0,906192784.150355,0.0423052085061798,2019-01-26,-0.0012082172717784445,-0.03762459881428282
491,3104.0,868450636.383371,0.0407134920083802,2019-01-27,-0.03762459881428282,-0.054567438044266
492,4788.0,819861218.598547,0.0384918610556472,2019-01-28,-0.054567438044266,-0.014250185387789216
493,3619.0,806900775.235979,0.0379433448996832,2019-01-29,-0.014250185387789216,0.034659713974135586
494,3693.0,833246390.638307,0.0392584503811282,2019-01-30,0.034659713974135586,-0.03261130574610083
495,3623.0,804863767.648649,0.0379781810526311,2019-01-31,-0.03261130574610083,0.013439410173540667
496,3303.0,813943711.479722,0.0384885854054424,2019-02-01,0.013439410173540667,0.005629145671390834
497,2344.0,817747504.221971,0.0387052432593754,2019-02-02,0.005629145671390834,-0.025402221694760918
498,2470.0,796054000.526845,0.0377220440893511,2019-02-03,-0.025402221694760918,-0.007886471398843908
499,3228.0,788088238.935776,0.0374245502675345,2019-02-04,-0.007886471398843908,0.004745681334425322
500,2757.0,790872700.672532,0.0376021552571884,2019-02-05,0.004745681334425322,-0.033600338540487384
501,2818.0,763529444.543077,0.0363387101106949,2019-02-06,-0.033600338540487384,-0.007226703984198779
502,2738.0,757481478.119896,0.0360761010095573,2019-02-07,-0.007226703984198779,0.11566763542298619
503,3339.0,843550759.333196,0.0402489383086136,2019-02-08,0.11566763542298619,0.012180596063657623
504,3314.0,853443205.631176,0.0407391943681419,2019-02-09,0.012180596063657623,0.040532760743054785
505,3059.0,887946334.86799,0.0423904663863306,2019-02-10,0.040532760743054785,-0.02537425636114854
506,3048.0,863779400.771574,0.0413148398249752,2019-02-11,-0.02537425636114854,-0.002375225647651691
507,3204.0,860501167.347919,0.0412167077577943,2019-02-12,-0.002375225647651691,-0.011527230507287434
508,3603.0,847845482.026599,0.0407415932667187,2019-02-13,-0.011527230507287434,-0.016404815317767052
509,2787.0,831218718.599163,0.0400732349534266,2019-02-14,-0.016404815317767052,0.001604087014472455
510,2905.0,832034348.730031,0.0401375159092433,2019-02-15,0.001604087014472455,0.013855829897420957
511,2739.0,842295896.282499,0.0406936545021868,2019-02-16,0.013855829897420957,0.012900672329593466
512,2786.0,851879706.236774,0.0412186300048132,2019-02-17,0.012900672329593466,0.09602964808781844
513,4520.0,934677631.39324,0.0451768405388374,2019-02-18,0.09602964808781844,0.016247531612200383
514,5080.0,948997269.500339,0.0459108526836315,2019-02-19,0.016247531612200383,0.02292825697037859
515,3764.0,969928820.896425,0.046963508511691,2019-02-20,0.02292825697037859,-0.052887897273266815
516,4275.0,918798589.519295,0.0444797072979325,2019-02-21,-0.052887897273266815,0.02678504123308567
517,2728.0,942145322.856446,0.0456710980919432,2019-02-22,0.02678504123308567,0.059400280420524254
518,2778.0,996883322.478664,0.0483839741257179,2019-02-23,0.059400280420524254,-0.12784007011292653
519,3752.0,869794490.593665,0.0421985634811441,2019-02-24,-0.12784007011292653,0.030040884085863473
520,4393.0,894767196.53723,0.0434662456352711,2019-02-25,0.030040884085863473,-0.0170084049225544
521,4371.0,878744675.409333,0.0427269541290432,2019-02-26,-0.0170084049225544,0.0035045245352702814
522,5725.0,884315989.215783,0.0428766917881058,2019-02-27,0.0035045245352702814,-0.0058974808680539725
523,4437.0,879021322.538694,0.0426238273186,2019-02-28,-0.0058974808680539725,0.008067775715036474
524,4153.0,885859989.768925,0.0429677067975229,2019-03-01,0.008067775715036474,-0.014427855698385672
525,3630.0,871954534.929577,0.0423477749241577,2019-03-02,-0.014427855698385672,-0.013769319426727766
526,3253.0,859294979.562209,0.0417646748842158,2019-03-03,-0.013769319426727766,-0.039882664875078855
527,9303.0,824737881.742981,0.040098988352192,2019-03-04,-0.039882664875078855,0.0645677733014347
528,9299.0,877097677.236419,0.0426880907417332,2019-03-05,0.0645677733014347,-0.005099039395964455
529,7219.0,871719242.007186,0.0424704224853026,2019-03-06,-0.005099039395964455,0.001653234640493606
530,7261.0,872562817.033535,0.0425406360589517,2019-03-07,0.001653234640493606,-0.008725733317835216
531,9209.0,865572274.936486,0.0421694378135302,2019-03-08,-0.008725733317835216,0.10293485830594995
532,9437.0,954470265.502437,0.0465101429197075,2019-03-09,0.10293485830594995,-0.026390286452530276
533,7949.0,928590115.749158,0.0452827269251083,2019-03-10,-0.026390286452530276,0.047195727999317816
534,9035.0,969685880.861121,0.0474198781881331,2019-03-11,0.047195727999317816,-0.00811707437418352
535,6695.0,958377144.790892,0.0470349675100653,2019-03-12,-0.00811707437418352,-0.01907582034219113
536,7384.0,938768010.712219,0.0461377369200425,2019-03-13,-0.01907582034219113,0.026606608030112167
537,6241.0,963023518.18625,0.0473653056016705,2019-03-14,0.026606608030112167,0.04818334974783123
538,8504.0,1011639749.58412,0.0496475246873887,2019-03-15,0.04818334974783123,0.0289698365426172
539,6415.0,1043143458.63254,0.0510858053623279,2019-03-16,0.0289698365426172,-0.029289449021770664
540,5661.0,1013523371.71559,0.0495895302704319,2019-03-17,-0.029289449021770664,0.003600850972981906
541,5891.0,1017081342.75046,0.0497680947787559,2019-03-18,0.003600850972981906,0.040074643449155234
542,7149.0,1045840007.72013,0.0517625334321583,2019-03-19,0.040074643449155234,0.02923425675276703
543,6939.0,1074746983.10411,0.0532757726246877,2019-03-20,0.02923425675276703,-0.012530529668687618
544,8994.0,1062946488.53343,0.0526081989751918,2019-03-21,-0.012530529668687618,0.0986727558837377
545,9965.0,1171148592.02002,0.057799194950154,2019-03-22,0.0986727558837377,0.0936424359417325
546,10523.0,1281121253.70651,0.0632116523607575,2019-03-23,0.0936424359417325,-0.03131323909845318
547,8067.0,1246426977.81158,0.0612322907765768,2019-03-24,-0.03131323909845318,-0.04845474350220724
548,6711.0,1185595983.94852,0.0582652958329452,2019-03-25,-0.04845474350220724,0.05124825374880215
549,8363.0,1247875026.6239,0.061251290498541,2019-03-26,0.05124825374880215,0.09093764901152857
550,14207.0,1361892107.33573,0.0668213388554005,2019-03-27,0.09093764901152857,-0.02436668314905066
551,12149.0,1328711499.39298,0.0651931244639156,2019-03-28,-0.02436668314905066,0.10312691309561117
552,15337.0,1466006172.41545,0.0719162901449372,2019-03-29,0.10312691309561117,-0.0022845511809712615
553,10611.0,1462267722.41955,0.0717519936993555,2019-03-30,-0.0022845511809712615,-0.029012103223637564
554,8903.0,1419637578.55118,0.069670317451648,2019-03-31,-0.029012103223637564,0.03589959335992421
555,9736.0,1478992270.24169,0.072171453517419,2019-04-01,0.03589959335992421,0.18137529637900696
556,13619.0,1749638660.64814,0.0852615722892446,2019-04-02,0.18137529637900696,0.062322920026432804
557,15153.0,1861374097.88923,0.0905753224403551,2019-04-03,0.062322920026432804,-0.03256475384488333
558,13667.0,1800719068.97523,0.087625759360664,2019-04-04,-0.03256475384488333,0.03596035534612385
559,12766.0,1864296475.51166,0.0907768128047474,2019-04-05,0.03596035534612385,-0.008790986622366548
560,9754.0,1849059759.50744,0.0899787950577598,2019-04-06,-0.008790986622366548,0.0007823316179840223
561,7414.0,1849774461.43092,0.0900491883140816,2019-04-07,0.0007823316179840223,-0.03511336794737385
562,9340.0,1785260881.627,0.0868872580314469,2019-04-08,-0.03511336794737385,-0.03823350179888474
563,8122.0,1717011705.24884,0.0835652538952014,2019-04-09,-0.03823350179888474,0.07256830904456102
564,7920.0,1841777605.98761,0.0896294430652556,2019-04-10,0.07256830904456102,-0.07297689920467709
565,8823.0,1707065737.25166,0.0830885642329111,2019-04-11,-0.07297689920467709,-0.0013663028845036784
566,10843.0,1703460544.21931,0.0829750400879304,2019-04-12,-0.0013663028845036784,0.003985118277099797
567,5591.0,1709578226.31666,0.0833057054367279,2019-04-13,0.003985118277099797,0.013350381356721286
568,5733.0,1732725857.83322,0.0844178683734989,2019-04-14,0.013350381356721286,-0.029832705549801664
569,6638.0,1680770387.90804,0.0818994549631704,2019-04-15,-0.029832705549801664,0.017183405555706743
570,6137.0,1709002588.39301,0.0833067665125939,2019-04-16,0.017183405555706743,-0.005414910709780285
571,6648.0,1698874846.32071,0.0828556678104077,2019-04-17,-0.005414910709780285,-0.015856606997393108
572,6946.0,1670216698.50518,0.0815418580484315,2019-04-18,-0.015856606997393108,-0.025742611049161424
573,8089.0,1626421343.73096,0.0794427577124648,2019-04-19,-0.025742611049161424,-0.040865485844917004
574,7345.0,1558537752.02259,0.0761962908216849,2019-04-20,-0.040865485844917004,-0.02940334185079363
575,7496.0,1512663904.05997,0.0739558652348924,2019-04-21,-0.02940334185079363,0.057278736490533166
576,7834.0,1598307461.55132,0.0781919637516112,2019-04-22,0.057278736490533166,-0.050122587184423306
577,8172.0,1518395981.29252,0.0742727802313498,2019-04-23,-0.050122587184423306,-0.03411538159959282
578,8080.0,1463755243.56243,0.0717389359912946,2019-04-24,-0.03411538159959282,-0.045979788592944604
579,6612.0,1396029767.21529,0.0684403948805321,2019-04-25,-0.045979788592944604,-0.014465227017922966
580,7321.0,1374901568.29505,0.0674503890313889,2019-04-26,-0.014465227017922966,0.024471365876015394
581,5073.0,1407700161.86692,0.0691009921798556,2019-04-27,0.024471365876015394,-0.03296544179630845
582,3981.0,1360099126.54886,0.0668230474440834,2019-04-28,-0.03296544179630845,-0.04631338474350921
583,5669.0,1297998540.63221,0.0637282459380718,2019-04-29,-0.04631338474350921,0.08143619933265223
584,4775.0,1402717881.97376,0.0689180320774049,2019-04-30,0.08143619933265223,-0.012517241727964867
585,7575.0,1384432755.22993,0.0680553684104764,2019-05-01,-0.012517241727964867,-0.011843782898721456
586,7454.0,1367478012.61794,0.0672493354019302,2019-05-02,-0.011843782898721456,0.020025447239220506
587,7706.0,1394267037.51596,0.0685960334198942,2019-05-03,0.020025447239220506,-0.03470839603326692
588,7148.0,1346572099.71697,0.0662151751256453,2019-05-04,-0.03470839603326692,-0.011696125766559429
589,5878.0,1329845690.22356,0.065440714109721,2019-05-05,-0.011696125766559429,0.013902356223963741
590,7753.0,1334871298.52685,0.0663504942288249,2019-05-06,0.013902356223963741,-0.03620617914839985
591,7360.0,1285972189.86988,0.0639481963481912,2019-05-07,-0.03620617914839985,0.0018386798326974763
592,5174.0,1285141214.58719,0.064065776607154,2019-05-08,0.0018386798326974763,-0.041684226008415926
593,6136.0,1243768433.26708,0.0613952442956567,2019-05-09,-0.041684226008415926,0.018785740233314696
594,7633.0,1275066121.02188,0.0625485994065558,2019-05-10,0.018785740233314696,0.24079590780785232
595,10107.0,1589345736.12669,0.0776100461827671,2019-05-11,0.24079590780785232,-0.09764051742734858
596,7606.0,1435767835.12335,0.0700321611159213,2019-05-12,-0.09764051742734858,0.040003826195017966
597,8048.0,1496259122.60608,0.0728337155172641,2019-05-13,0.040003826195017966,0.1463235354540393
598,9173.0,1717007420.04009,0.0834910022720039,2019-05-14,0.1463235354540393,0.12709250651645476
599,14600.0,1941028179.02702,0.0941020830223239,2019-05-15,0.12709250651645476,-0.06928687036436842
600,18943.0,1812055992.3645,0.0875820441949391,2019-05-16,-0.06928687036436842,-0.056649719463305326
601,12217.0,1711423997.78434,0.082620545961273,2019-05-17,-0.056649719463305326,-0.04307760185443654
602,9343.0,1638704909.20493,0.0790614509773571,2019-05-18,-0.04307760185443654,0.10312906763977492
603,9921.0,1809577151.6206,0.0872149847028997,2019-05-19,0.10312906763977492,-0.026199576694434068
604,9635.0,1764602383.44599,0.0849299890222722,2019-05-20,-0.026199576694434068,-0.0005203795541691703
605,9456.0,1764380220.84667,0.0848857931924492,2019-05-21,-0.0005203795541691703,-0.08049385052709146
606,10425.0,1623556589.01584,0.0780530088433426,2019-05-22,-0.08049385052709146,0.0294235230817792
607,9751.0,1671188613.35329,0.080349603350647,2019-05-23,0.0294235230817792,0.0022404524636878698
608,10303.0,1677284792.33171,0.0805296228174303,2019-05-24,0.0022404524636878698,-0.0012890094533825058
609,8971.0,1677248910.48473,0.0804258193723413,2019-05-25,-0.0012890094533825058,0.07361273579815131
610,8608.0,1802549532.9297,0.0863461839651473,2019-05-26,0.07361273579815131,0.06151719938791089
611,11320.0,1916950125.674,0.0916579593805165,2019-05-27,0.06151719938791089,0.014046739992425339
612,11118.0,1947162236.6033,0.0929454549041709,2019-05-28,0.014046739992425339,-0.01984502167603497
613,10626.0,1911111688.28362,0.0911009503369087,2019-05-29,-0.01984502167603497,-0.07870428790937789
614,10956.0,1760362042.37062,0.0839309149127747,2019-05-30,-0.07870428790937789,0.06343388834444186
615,9700.0,1871740081.51691,0.0892549791979985,2019-05-31,0.06343388834444186,0.018393676690289462
616,7998.0,1905422438.77503,0.090896706428365,2019-06-01,0.018393676690289462,0.05748522111318688
617,9813.0,2015726983.88337,0.09612192369586,2019-06-02,0.05748522111318688,-0.0798642579358182
618,12136.0,1856147901.05151,0.0884452175885268,2019-06-03,-0.0798642579358182,-0.07831976476454594
619,11136.0,1711577374.9031337276452518769813,0.0815182089524443,2019-06-04,-0.07831976476454594,0.01435961214007997
620,9157.0,1739715869.0990983785441015683432,0.0826887788153554,2019-06-05,0.01435961214007997,0.0073820506544746145
621,8951.0,1753354484.519152760914772464524,0.083299191569127,2019-06-06,0.0073820506544746145,0.02772614882818014
622,8978.0,1801649474.2986313963384376766231,0.0856087573518397,2019-06-07,0.02772614882818014,-0.018218367361701793
623,8291.0,1769644993.960716485711747292855,0.0840491055610251,2019-06-08,-0.018218367361701793,-0.06184907242469284
624,8162.0,1661122539.3589954254821120256918,0.0788507463439506,2019-06-09,-0.06184907242469284,0.08056369360323967
625,8261.0,1795786779.1897651872115197219804,0.0852032537127914,2019-06-10,0.08056369360323967,0.03215681098791623
626,8719.0,1852213757.4249906711677577503103,0.0879431186379891,2019-06-11,0.03215681098791623,0.09112622389229874
627,12613.0,2025547024.122570371614066550987,0.0959570429567815,2019-06-12,0.09112622389229874,-0.06415992504625934
628,9641.0,1892530287.6958902596252803377067,0.0898004462730137,2019-06-13,-0.06415992504625934,0.006362679742435873
629,10048.0,1905409463.6232022938595063410668,0.0903718177533767,2019-06-14,0.006362679742435873,0.015164558231885339
630,9305.0,1932983259.6168156629764122546337,0.0917422664462191,2019-06-15,0.015164558231885339,0.007442828797320722
631,8552.0,1947185481.5140257994462670836675,0.0924250884288565,2019-06-16,0.007442828797320722,0.010004501152837575
632,9909.0,1970184293.6706536792809623953805,0.0933497553325941,2019-06-17,0.010004501152837575,-0.04948943446366627
633,9214.0,1873212677.7694977724240988047744,0.0887299287338624,2019-06-18,-0.04948943446366627,0.01180115241050772
634,9350.0,1897524825.0250882482308131911096,0.0897770441462242,2019-06-19,0.01180115241050772,-0.025142514584062803
635,9676.0,1850224010.0353140874372563299562,0.0875198235044637,2019-06-20,-0.025142514584062803,0.0
